first,second,s1,s2,s3,s4,s5,s6,s7,s8,s9,s10,s11,s12,s13,s14,s15,s16,s17,s18,s19,s20
3,pos,[[  1. 142.   3.]],[[  1. 142.   3.]],[[  1. 142.   3.]],[[  1. 142.   3.]],[[  1. 142.   3.]],[[  1. 142.   3.]],[[  1. 142.   3.]],[[  1. 142.   3.]],[[  1. 142.   3.]],[[  1. 142.   3.]],[[  1. 142.   3.]],[[  1. 142.   3.]],[[  1. 142.   3.]],[[  1. 142.   3.]],[[  1. 142.   3.]],[[  1. 142.   3.]],[[  1. 142.   3.]],[[  1. 142.   3.]],[[  1. 142.   3.]],[[  1. 142.   3.]]
3,distance,92.01086892318754,75.03374240966527,68.90029027515051,76.27294736667778,94.02659198333204,105.19980988575978,90.72520322380105,85.72193418256496,91.75272475518098,106.96728471827262,120.21231218140677,107.77319935865317,103.59657330240223,108.63959913401743,121.76206305742359,135.06294828708576,124.12116056498988,120.5124474898755,124.87418668403811,136.444127759314
3,received_energy,-71.69793427472163,-73.8973701703748,-72.09644419774556,-73.71385825025685,-73.73336093625443,-74.23827493122492,-74.62249021473296,-72.65600082159422,-75.73378033878994,-80.3510372180445,-77.1330111231439,-75.30586491453701,-75.10804022841603,-73.8794844790203,-78.41874414817221,-82.2272649193194,-74.83253112441945,-76.25216632930757,-77.09249700734472,-81.74770679950258
3,Max_amplitude,8.312085631070147e-09,1.0826049504627538e-08,1.2848724249081309e-08,1.1824424392547912e-08,7.576698552060806e-09,3.930248482358392e-09,6.655642842971614e-09,7.945843530365584e-09,7.0569982326876435e-09,1.903224451713962e-09,2.6136655204151645e-09,4.425170501304165e-09,5.23817506244834e-09,4.6314823001274265e-09,2.640401730250531e-09,1.2289946962150272e-09,3.2064908774214034e-09,3.755519390504236e-09,3.314744118326636e-09,2.085018960539677e-09
3,mean_excess_delay,3.073479999999999e-07,2.5793199999999993e-07,2.29826e-07,2.5971799999999994e-07,3.14271e-07,4.893829999999999e-07,3.1380199999999997e-07,2.8593699999999995e-07,3.1501000000000007e-07,5.914580000000002e-07,5.24971e-07,3.7330499999999997e-07,3.455599999999999e-07,3.742060000000001e-07,5.282179999999998e-07,7.01821e-07,4.2966700000000014e-07,4.0198599999999996e-07,4.30391e-07,5.818679999999998e-07
3,delay_spread,1.0587911840678754e-22,5.293955920339377e-23,2.6469779601696886e-23,5.293955920339377e-23,0.0,1.0587911840678754e-22,5.293955920339377e-23,5.293955920339377e-23,5.293955920339377e-23,2.117582368135751e-22,1.0587911840678754e-22,0.0,5.293955920339377e-23,1.5881867761018134e-22,1.0587911840678754e-22,0.0,1.5881867761018136e-22,5.293955920339377e-23,0.0,2.117582368135751e-22
3,kurtosis,15.0,13.0,9.999999999999998,16.999999999999996,11.0,15.0,19.000000000000004,12.0,13.0,8.0,12.0,19.0,17.0,19.999999999999996,9.999999999999998,11.0,25.000000000000004,13.0,13.000000000000002,8.0
3,delay,[3.07348e-07],[2.57932e-07],[2.29826e-07],[2.59718e-07],[3.14271e-07],[4.89383e-07],[3.13802e-07],[2.85937e-07],[3.1501e-07],[5.91458e-07],[5.24971e-07],[3.73305e-07],[3.4556e-07],[3.74206e-07],[5.28218e-07],[7.01821e-07],[4.29667e-07],[4.01986e-07],[4.30391e-07],[5.81868e-07]
3,bias,[0.19353108],[2.34585759],[0.04750972],[1.64245263],[0.25470802],[41.61509011],[3.41539678],[0.05916582],[2.75027524],[70.47011528],[37.27898782],[4.21830064],[0.0714267],[3.62220087],[36.70333694],[75.48335171],[4.77893944],[0.08335251],[4.24311332],[38.11627224]
3,b_est,[15.686161],[54.389256],[47.915615],[0.27342552],[36.69858],[0.27745765],[54.389256],[10.8226],[-0.09680419],[3.7496734],[1.1631694],[11.47205],[54.389256],[6.6333385],[14.573506],[54.389256],[7.445143],[-0.37609726],[50.414757],[19.860828]
3,label,LOS,LOS,NLOS,LOS,LOS,LOS,LOS,NLOS,LOS,LOS,LOS,LOS,NLOS,LOS,LOS,LOS,LOS,NLOS,LOS,LOS
8,pos,[[ 48. 142.   3.]],[[ 48. 142.   3.]],[[ 48. 142.   3.]],[[ 48. 142.   3.]],[[ 48. 142.   3.]],[[ 48. 142.   3.]],[[ 48. 142.   3.]],[[ 48. 142.   3.]],[[ 48. 142.   3.]],[[ 48. 142.   3.]],[[ 48. 142.   3.]],[[ 48. 142.   3.]],[[ 48. 142.   3.]],[[ 48. 142.   3.]],[[ 48. 142.   3.]],[[ 48. 142.   3.]],[[ 48. 142.   3.]],[[ 48. 142.   3.]],[[ 48. 142.   3.]],[[ 48. 142.   3.]]
8,distance,65.4446330878247,38.04027470983878,23.753947040439407,40.42972297703758,68.24954212300622,72.70488291717415,49.498106024372284,39.588508433635134,51.357204947309974,75.23961722390672,83.5344240418284,64.35885719930086,57.089841478147406,65.79941109158956,85.74963556773871,95.7653381970742,79.59310585722861,73.83935265155024,80.76238295147067,97.70363350459388
8,received_energy,-69.87087457837686,-68.31766488334479,-65.67832695217918,-68.74195736210788,-69.77150636712862,-70.56440861927251,-69.96818003976608,-70.58200559293019,-70.18950442070508,-71.29928425605871,-71.7203775152885,-74.29459741033854,-70.02906825915805,-72.83662098395037,-71.79022257213305,-75.87500088574996,-72.13767393557474,-72.29829620395924,-74.29884614636019,-76.97075889010246
8,Max_amplitude,1.5277419664100432e-08,4.746789889613624e-08,1.3375807461447463e-07,4.1514518833023244e-08,1.9403497038351205e-08,6.770176775705869e-09,1.6983218951852005e-08,4.3480047380891123e-08,2.055843298950049e-08,6.776727284057598e-09,1.2433975539401329e-08,7.719514879804863e-09,1.943166473175311e-08,8.228866348676696e-09,1.2333320250830151e-08,2.2582395471919444e-09,5.86300154558442e-09,1.1033416398857545e-08,4.807507923255978e-09,2.1035847255390403e-09
8,mean_excess_delay,2.1830599999999997e-07,1.2688900000000002e-07,7.923449999999997e-08,1.3485900000000008e-07,2.27528e-07,3.5567799999999986e-07,1.7075899999999997e-07,1.32053e-07,1.7425499999999997e-07,3.46525e-07,2.7868200000000006e-07,2.285709999999999e-07,1.9043099999999997e-07,2.3036099999999998e-07,2.8601899999999994e-07,4.3288299999999987e-07,3.9150999999999983e-07,2.46301e-07,2.855400000000001e-07,3.8558599999999994e-07
8,delay_spread,2.6469779601696886e-23,2.6469779601696886e-23,2.6469779601696886e-23,7.940933880509067e-23,0.0,1.0587911840678754e-22,0.0,0.0,2.6469779601696886e-23,0.0,1.0587911840678754e-22,7.940933880509066e-23,2.6469779601696886e-23,2.6469779601696886e-23,5.293955920339377e-23,1.0587911840678754e-22,1.5881867761018131e-22,0.0,1.0587911840678754e-22,0.0
8,kurtosis,16.0,15.0,4.0,17.000000000000004,15.0,21.000000000000004,14.000000000000002,0.0,18.000000000000004,19.0,15.000000000000002,14.000000000000002,12.0,21.0,10.999999999999996,17.0,24.999999999999996,0.0,21.0,14.000000000000005
8,delay,[2.18306e-07],[1.26889e-07],[7.92345e-08],[1.34859e-07],[2.27528e-07],[3.55678e-07],[1.70759e-07],[1.32053e-07],[1.74255e-07],[3.46525e-07],[2.78682e-07],[2.28571e-07],[1.90431e-07],[2.30361e-07],[2.86019e-07],[4.32883e-07],[3.9151e-07],[2.46301e-07],[2.8554e-07],[3.85586e-07]
8,bias,[0.04716691],[0.02642529],[0.01640296],[0.02797702],[0.00885788],[33.99851708],[1.72959398],[0.02739157],[0.91929505],[28.71788278],[0.07017596],[4.2124428],[0.03945852],[3.30888891],[0.05606443],[34.0995618],[37.85989414],[0.05094735],[4.89961705],[17.9721665]
8,b_est,[6.799789],[54.389256],[54.389256],[-0.44804245],[6.210731],[1.4611182],[0.30534118],[54.389256],[14.187809],[0.20387025],[0.26330894],[54.389256],[0.2183928],[0.24746843],[21.103397],[54.388924],[6.427675],[22.123852],[54.387497],[14.644385]
8,label,NLOS,NLOS,NLOS,NLOS,NLOS,LOS,LOS,NLOS,LOS,LOS,LOS,LOS,NLOS,LOS,NLOS,LOS,LOS,NLOS,LOS,LOS
11,pos,[[95.  48.   1.5]],[[95.  48.   1.5]],[[95.  48.   1.5]],[[95.  48.   1.5]],[[95.  48.   1.5]],[[95.  48.   1.5]],[[95.  48.   1.5]],[[95.  48.   1.5]],[[95.  48.   1.5]],[[95.  48.   1.5]],[[95.  48.   1.5]],[[95.  48.   1.5]],[[95.  48.   1.5]],[[95.  48.   1.5]],[[95.  48.   1.5]],[[95.  48.   1.5]],[[95.  48.   1.5]],[[95.  48.   1.5]],[[95.  48.   1.5]],[[95.  48.   1.5]]
11,distance,43.83206588788623,70.42948601260696,99.7622172969306,129.9915862661888,160.61211037776698,36.41771546926029,66.07051157664817,96.73417183188162,127.68246747302466,158.74901574498028,36.41771546926029,66.07051157664817,96.73417183188162,127.68246747302466,158.74901574498028,43.83206588788623,70.42948601260696,99.7622172969306,129.9915862661888,160.61211037776698
11,received_energy,-63.23589033219371,-70.82295997912306,-75.14404805162144,-76.22989136671916,-81.0715839671605,-67.46526122312561,-70.60519866057034,-74.75011665087571,-76.24348547401213,-79.63564825212549,-66.21828246616867,-70.65680814714294,-72.62440822611433,-74.88876465673985,-77.81108804338876,-63.93739733479545,-72.12287646856815,-74.78277352686058,-76.23435117204284,-81.82258911187066
11,Max_amplitude,4.682416146221096e-08,1.0949139995169981e-08,4.922435211001111e-09,2.7707032151804647e-09,1.7563457278325319e-09,5.224563459777026e-08,1.4090292498758332e-08,6.090599025507182e-09,3.307120418409909e-09,2.0482360641329382e-09,5.224563459777026e-08,1.4090292498758332e-08,6.090599025507182e-09,3.307120418409909e-09,2.0482360641329382e-09,4.682416146221096e-08,1.0949139995169981e-08,4.922435211001111e-09,2.7707032151804647e-09,1.7563457278325319e-09
11,mean_excess_delay,1.4631199999999997e-07,2.453249999999999e-07,3.484710000000001e-07,4.521250000000001e-07,5.559939999999999e-07,1.2147599999999997e-07,2.2038700000000008e-07,3.2267000000000007e-07,4.259019999999999e-07,5.295299999999998e-07,1.2147600000000002e-07,2.2038700000000005e-07,3.2267000000000007e-07,4.259019999999999e-07,5.2953e-07,1.4631199999999997e-07,2.453249999999998e-07,3.4847100000000013e-07,4.5212500000000003e-07,5.559939999999999e-07
11,delay_spread,2.6469779601696886e-23,5.293955920339377e-23,1.0587911840678754e-22,1.0587911840678754e-22,1.0587911840678754e-22,2.6469779601696886e-23,7.940933880509067e-23,5.293955920339377e-23,5.293955920339377e-23,1.0587911840678754e-22,2.6469779601696886e-23,5.293955920339377e-23,5.293955920339377e-23,5.293955920339377e-23,0.0,2.6469779601696886e-23,1.588186776101813e-22,1.5881867761018134e-22,5.293955920339377e-23,1.0587911840678754e-22
11,kurtosis,18.000000000000004,19.000000000000004,19.000000000000004,20.0,18.0,12.000000000000004,15.000000000000002,9.999999999999998,12.999999999999996,10.0,12.0,12.999999999999996,19.000000000000004,18.0,15.000000000000002,19.0,16.0,15.0,17.0,10.999999999999996
11,delay,[1.46312e-07],[2.45325e-07],[3.48471e-07],[4.52125e-07],[5.55994e-07],[1.21476e-07],[2.20387e-07],[3.2267e-07],[4.25902e-07],[5.2953e-07],[1.21476e-07],[2.20387e-07],[3.2267e-07],[4.25902e-07],[5.2953e-07],[1.46312e-07],[2.45325e-07],[3.48471e-07],[4.52125e-07],[5.55994e-07]
11,bias,[0.06153411],[3.16801399],[4.7790827],[5.64591373],[6.18608962],[0.02508453],[0.04558842],[0.06682817],[0.08813253],[0.10998426],[0.02508453],[0.04558842],[0.06682817],[0.08813253],[0.10998426],[0.06153411],[3.16801399],[4.7790827],[5.64591373],[6.18608962]
11,b_est,[2.815061],[11.108538],[2.709825],[22.085176],[15.67524],[18.060802],[2.9589496],[0.12533326],[8.646332],[10.395982],[0.38924927],[8.3902855],[7.5474906],[0.23566766],[0.699943],[13.254484],[12.380853],[0.41039604],[54.389256],[20.380507]
11,label,NLOS,LOS,LOS,LOS,LOS,NLOS,NLOS,NLOS,NLOS,NLOS,NLOS,NLOS,NLOS,NLOS,NLOS,LOS,LOS,LOS,LOS,LOS
12,pos,[[95.  95.   1.5]],[[95.  95.   1.5]],[[95.  95.   1.5]],[[95.  95.   1.5]],[[95.  95.   1.5]],[[95.  95.   1.5]],[[95.  95.   1.5]],[[95.  95.   1.5]],[[95.  95.   1.5]],[[95.  95.   1.5]],[[95.  95.   1.5]],[[95.  95.   1.5]],[[95.  95.   1.5]],[[95.  95.   1.5]],[[95.  95.   1.5]],[[95.  95.   1.5]],[[95.  95.   1.5]],[[95.  95.   1.5]],[[95.  95.   1.5]],[[95.  95.   1.5]]
12,distance,32.06633748964793,33.612683617943986,56.431374252272114,84.80750261621904,114.68761920974731,20.81465829649865,23.126013491304548,50.8871300035677,81.22384194311421,112.06359801469878,20.81465829649865,23.126013491304548,50.8871300035677,81.22384194311421,112.06359801469878,32.06633748964793,33.612683617943986,56.431374252272114,84.80750261621904,114.68761920974731
12,received_energy,-68.50741565767255,-65.40553604613643,-70.7897371007241,-73.12003560337104,-76.04791691355645,-60.51811077402364,-65.4124121272056,-70.25057624611269,-73.0951382733936,-75.56032477955821,-60.25564847832111,-65.37966948886415,-69.91628851761664,-71.4171831241098,-73.86471418254396,-68.50741565767255,-65.29066823692453,-71.49415552793286,-74.04128948482997,-76.22674097221702
12,Max_amplitude,2.090547350436289e-08,6.232036792873882e-08,9.419113033901615e-09,3.763656752489712e-09,2.1039238106635044e-09,1.7886691174396206e-07,1.418796174038479e-07,2.5026493757042496e-08,8.946228956604416e-09,4.406766189325368e-09,1.7886691174396206e-07,1.418796174038479e-07,2.5026493757042496e-08,8.946228956604416e-09,4.406766189325368e-09,2.090547350436289e-08,6.232036792873882e-08,9.419113033901615e-09,3.763656752489712e-09,2.1039238106635044e-09
12,mean_excess_delay,1.6780900000000004e-07,1.1212000000000004e-07,2.038729999999999e-07,3.0661499999999994e-07,5.159789999999999e-07,6.943019999999998e-08,7.713979999999999e-08,1.6974099999999993e-07,2.7093400000000006e-07,3.73804e-07,6.943019999999999e-08,7.713979999999998e-08,1.6974099999999993e-07,2.70934e-07,3.738040000000001e-07,1.6780900000000004e-07,1.1212000000000004e-07,2.0387299999999996e-07,3.0661499999999994e-07,5.159789999999999e-07
12,delay_spread,2.6469779601696886e-23,5.293955920339377e-23,7.940933880509067e-23,5.293955920339377e-23,1.0587911840678754e-22,1.3234889800848443e-23,0.0,5.293955920339377e-23,5.293955920339377e-23,5.293955920339377e-23,0.0,1.3234889800848443e-23,5.293955920339377e-23,0.0,5.293955920339377e-23,2.6469779601696886e-23,5.293955920339377e-23,2.6469779601696886e-23,5.293955920339377e-23,1.0587911840678754e-22
12,kurtosis,10.999999999999998,13.0,16.0,24.999999999999996,30.999999999999993,15.000000000000002,0.0,10.999999999999996,0.0,20.0,16.0,7.000000000000001,13.000000000000002,21.0,25.0,10.999999999999998,14.0,15.000000000000002,20.0,24.999999999999996
12,delay,[1.67809e-07],[1.1212e-07],[2.03873e-07],[3.06615e-07],[5.15979e-07],[6.94302e-08],[7.71398e-08],[1.69741e-07],[2.70934e-07],[3.73804e-07],[6.94302e-08],[7.71398e-08],[1.69741e-07],[2.70934e-07],[3.73804e-07],[1.67809e-07],[1.1212e-07],[2.03873e-07],[3.06615e-07],[5.15979e-07]
12,bias,[18.27636251],[0.02331638],[4.73052575],[7.17699738],[40.10608079],[0.0144017],[0.01592651],[0.03517],[0.05635806],[0.07760199],[0.0144017],[0.01592651],[0.03517],[0.05635806],[0.07760199],[18.27636251],[0.02331638],[4.73052575],[7.17699738],[40.10608079]
12,b_est,[8.11198],[13.07146],[0.26530975],[3.6640449],[8.052462],[45.00934],[39.66679],[0.22915407],[-0.70398],[54.389256],[0.26892227],[6.7087245],[10.950298],[54.389256],[0.22677751],[8.072259],[-0.80375916],[0.23919435],[46.435154],[54.389256]
12,label,LOS,NLOS,LOS,LOS,LOS,NLOS,NLOS,NLOS,NLOS,NLOS,NLOS,NLOS,NLOS,NLOS,NLOS,LOS,NLOS,LOS,LOS,LOS
13,pos,[[ 95. 142.   3.]],[[ 95. 142.   3.]],[[ 95. 142.   3.]],[[ 95. 142.   3.]],[[ 95. 142.   3.]],[[ 95. 142.   3.]],[[ 95. 142.   3.]],[[ 95. 142.   3.]],[[ 95. 142.   3.]],[[ 95. 142.   3.]],[[ 95. 142.   3.]],[[ 95. 142.   3.]],[[ 95. 142.   3.]],[[ 95. 142.   3.]],[[ 95. 142.   3.]],[[ 95. 142.   3.]],[[ 95. 142.   3.]],[[ 95. 142.   3.]],[[ 95. 142.   3.]],[[ 95. 142.   3.]]
13,distance,67.47777411859404,41.440469350623914,28.88771365130858,43.64415768462029,70.20149571056162,62.9146246909254,33.500932822833455,15.47578754054216,36.19133183512317,65.82742589529079,62.9146246909254,33.500932822833455,15.47578754054216,36.19133183512317,65.82742589529079,67.47777411859404,41.440469350623914,28.88771365130858,43.64415768462029,70.20149571056162
13,received_energy,-74.78236550211864,-69.58612312035852,-64.83717335048048,-71.99091484795763,-75.39379454556433,-71.3397291338639,-67.0045031839238,-61.58795674243908,-66.70470266881212,-71.84305256895519,-70.177242642936,-65.98392537984108,-61.58795674243908,-66.58758656913017,-70.52275394345186,-76.83183655655849,-71.01505905329165,-64.83717335048048,-71.99091484795763,-77.30731094079721
13,Max_amplitude,2.5036292031980454e-09,1.2889023296750833e-08,8.697010785732955e-08,8.73393606981403e-09,2.621319804434185e-09,1.5692423084978575e-08,6.277981168795931e-08,3.433207152815607e-07,5.296756505601923e-08,1.420528687404994e-08,1.5692423084978575e-08,6.277981168795931e-08,3.433207152815607e-07,5.296756505601923e-08,1.420528687404994e-08,2.3110535496288044e-09,9.376483822777887e-09,8.697010785732955e-08,8.73393606981403e-09,2.463655667769836e-09
13,mean_excess_delay,4.73426e-07,2.2272300000000003e-07,9.635899999999998e-08,2.61051e-07,4.6359100000000006e-07,2.0986e-07,1.11747e-07,5.162160000000001e-08,1.2072099999999996e-07,2.19576e-07,2.0986000000000005e-07,1.1174699999999996e-07,5.162160000000001e-08,1.2072099999999996e-07,2.1957600000000003e-07,3.6651399999999997e-07,2.51776e-07,9.635899999999998e-08,2.61051e-07,3.57525e-07
13,delay_spread,5.293955920339377e-23,2.6469779601696886e-23,1.3234889800848443e-23,5.293955920339377e-23,1.0587911840678754e-22,2.6469779601696886e-23,1.3234889800848443e-23,1.3234889800848443e-23,2.6469779601696886e-23,2.6469779601696886e-23,7.940933880509067e-23,2.6469779601696886e-23,1.3234889800848443e-23,2.6469779601696886e-23,5.293955920339377e-23,0.0,0.0,1.3234889800848443e-23,5.293955920339377e-23,5.293955920339377e-23
13,kurtosis,22.0,15.0,4.999999999999999,13.0,22.0,15.000000000000002,7.000000000000001,0.0,7.0,14.999999999999998,21.0,9.999999999999998,0.0,12.999999999999996,18.0,18.0,12.999999999999996,4.999999999999999,13.0,21.000000000000004
13,delay,[4.73426e-07],[2.22723e-07],[9.6359e-08],[2.61051e-07],[4.63591e-07],[2.0986e-07],[1.11747e-07],[5.16216e-08],[1.20721e-07],[2.19576e-07],[2.0986e-07],[1.11747e-07],[5.16216e-08],[1.20721e-07],[2.19576e-07],[3.66514e-07],[2.51776e-07],[9.6359e-08],[2.61051e-07],[3.57525e-07]
13,bias,[74.55002588],[25.37643065],[0.01998635],[34.67114232],[68.87580429],[0.04337531],[0.02316718],[0.01069246],[0.02496816],[0.0453741],[0.04337531],[0.02316718],[0.01069246],[0.02496816],[0.0453741],[42.47642588],[34.09233065],[0.01998635],[34.67114232],[37.05600429]
13,b_est,[15.199122],[41.692585],[0.19415231],[8.791964],[0.3096041],[54.389256],[35.52082],[-0.04887061],[0.28533882],[1.9775577],[3.0757594],[0.24746843],[-0.03022437],[53.56195],[54.389256],[0.33394188],[11.613559],[0.18111749],[27.663774],[17.536905]
13,label,LOS,LOS,NLOS,LOS,LOS,NLOS,NLOS,NLOS,NLOS,NLOS,NLOS,NLOS,NLOS,NLOS,NLOS,LOS,LOS,NLOS,LOS,LOS
14,pos,[[ 95. 189.   3.]],[[ 95. 189.   3.]],[[ 95. 189.   3.]],[[ 95. 189.   3.]],[[ 95. 189.   3.]],[[ 95. 189.   3.]],[[ 95. 189.   3.]],[[ 95. 189.   3.]],[[ 95. 189.   3.]],[[ 95. 189.   3.]],[[ 95. 189.   3.]],[[ 95. 189.   3.]],[[ 95. 189.   3.]],[[ 95. 189.   3.]],[[ 95. 189.   3.]],[[ 95. 189.   3.]],[[ 95. 189.   3.]],[[ 95. 189.   3.]],[[ 95. 189.   3.]],[[ 95. 189.   3.]]
14,distance,111.6288493177279,81.77751830423811,53.54670858232091,31.62376479801227,32.95451410656816,108.93117092916977,78.05486852208516,47.668123520860355,20.126164562578733,22.15851980616034,108.93117092916977,78.05486852208516,47.668123520860355,20.126164562578733,22.15851980616034,111.6288493177279,81.77751830423811,53.54670858232091,31.62376479801227,32.95451410656816
14,received_energy,-75.12640662670749,-72.65711128247706,-70.92755595215229,-66.00191400283629,-67.13485643346972,-75.08061655292063,-73.77767678540337,-70.08806255022519,-85.09664296979308,-63.11215210093571,-73.74127543495321,-71.46969690258567,-69.8889091742823,-64.07056257767204,-63.11215210093571,-75.5728419511223,-73.94340611355621,-71.71961759844446,-66.00191400283629,-67.13485643346972
14,Max_amplitude,2.2452774191945565e-09,4.062655608015541e-09,1.0600589294226446e-08,7.127053332352474e-08,2.724645524221884e-08,4.690401376955159e-09,9.76472481418565e-09,2.889615170390569e-08,9.13566169376633e-10,1.558655041707971e-07,4.690401376955159e-09,9.76472481418565e-09,2.889615170390569e-08,1.9260608722204134e-07,1.558655041707971e-07,2.2452774191945565e-09,4.062655608015541e-09,1.0600589294226446e-08,7.127053332352474e-08,2.724645524221884e-08
14,mean_excess_delay,5.056199999999997e-07,2.9604299999999987e-07,1.9308200000000003e-07,1.0548500000000002e-07,1.6812999999999996e-07,3.633549999999998e-07,2.6036199999999983e-07,1.5900400000000004e-07,4.6567799999999997e-07,7.391259999999999e-08,3.6335499999999996e-07,2.6036200000000004e-07,1.59004e-07,6.71335e-08,7.391259999999999e-08,5.056199999999998e-07,2.960430000000001e-07,1.9308199999999998e-07,1.0548500000000002e-07,1.6812999999999996e-07
14,delay_spread,2.117582368135751e-22,1.0587911840678754e-22,2.6469779601696886e-23,2.6469779601696886e-23,2.6469779601696886e-23,1.588186776101813e-22,1.588186776101813e-22,2.6469779601696886e-23,0.0,0.0,0.0,5.293955920339377e-23,0.0,0.0,0.0,1.0587911840678754e-22,1.0587911840678754e-22,2.6469779601696886e-23,2.6469779601696886e-23,2.6469779601696886e-23
14,kurtosis,34.00000000000001,27.0,16.0,9.0,15.0,19.0,13.0,6.0,4.0,12.000000000000002,25.000000000000004,19.000000000000004,9.0,9.0,12.000000000000002,30.000000000000004,22.0,15.000000000000002,9.0,15.0
14,delay,[5.0562e-07],[2.96043e-07],[1.93082e-07],[1.05485e-07],[1.6813e-07],[3.63355e-07],[2.60362e-07],[1.59004e-07],[4.65678e-07],[7.39126e-08],[3.63355e-07],[2.60362e-07],[1.59004e-07],[6.71335e-08],[7.39126e-08],[5.0562e-07],[2.96043e-07],[1.93082e-07],[1.05485e-07],[1.6813e-07]
14,bias,[40.05715068],[7.0353817],[4.37789142],[0.0217352],[17.48448589],[0.07532907],[0.05373148],[0.03307648],[119.57723544],[0.01526019],[0.07532907],[0.05373148],[0.03307648],[0.01388544],[0.01526019],[40.05715068],[7.0353817],[4.37789142],[0.0217352],[17.48448589]
14,b_est,[54.389256],[54.389256],[0.31608146],[-0.65955025],[8.103784],[0.275989],[54.389256],[9.42286],[8.831737],[0.25650543],[8.783544],[0.23566766],[0.2635283],[11.764323],[54.389256],[53.453415],[5.8311706],[0.34365028],[17.91241],[6.8100896]
14,label,LOS,LOS,LOS,NLOS,LOS,NLOS,NLOS,NLOS,LOS,NLOS,NLOS,NLOS,NLOS,NLOS,NLOS,LOS,LOS,LOS,NLOS,LOS
15,pos,[[142.    1.    1.5]],[[142.    1.    1.5]],[[142.    1.    1.5]],[[142.    1.    1.5]],[[142.    1.    1.5]],[[142.    1.    1.5]],[[142.    1.    1.5]],[[142.    1.    1.5]],[[142.    1.    1.5]],[[142.    1.    1.5]],[[142.    1.    1.5]],[[142.    1.    1.5]],[[142.    1.    1.5]],[[142.    1.    1.5]],[[142.    1.    1.5]],[[142.    1.    1.5]],[[142.    1.    1.5]],[[142.    1.    1.5]],[[142.    1.    1.5]],[[142.    1.    1.5]]
15,distance,157.5499920660106,126.9293602757061,96.71220191888922,67.44303151549461,41.19465984809196,155.6502489557919,124.56348782849652,93.58552238460818,62.87736079066932,33.19638534539566,155.6502489557919,124.56348782849652,93.58552238460818,62.87736079066932,33.19638534539566,157.5499920660106,126.9293602757061,96.71220191888922,67.44303151549461,41.19465984809196
15,received_energy,-80.83304240337583,-76.18195907199072,-75.18703441340315,-70.80605727184603,-64.7318459150344,-79.04987319388755,-76.84294665184302,-73.67131462678871,-70.20029128617321,-67.34344190870567,-77.3179702421855,-74.47207808910935,-72.48895202100879,-70.38849260334493,-65.81426946259002,-81.57423718595325,-76.54726340641679,-75.69819684040348,-71.25108200579817,-64.69102866983997
15,Max_amplitude,1.8297426389664489e-09,2.914875491560612e-09,5.261384107938394e-09,1.2058686613587727e-08,4.585323791354786e-08,2.1389961785203473e-09,3.4920464239830876e-09,6.5505838277152215e-09,1.5712670694391612e-08,6.40530786707255e-08,2.1389961785203473e-09,3.4920464239830876e-09,6.5505838277152215e-09,1.5712670694391612e-08,6.40530786707255e-08,1.8297426389664489e-09,2.914875491560612e-09,5.261384107938394e-09,1.2058686613587727e-08,4.585323791354786e-08
15,mean_excess_delay,5.456569999999999e-07,4.4171799999999985e-07,3.3795899999999996e-07,2.3464299999999997e-07,1.37841e-07,5.191930000000002e-07,4.1549699999999995e-07,3.121669999999999e-07,2.0973599999999994e-07,1.1073099999999999e-07,5.19193e-07,4.1549699999999985e-07,3.121669999999999e-07,2.0973600000000002e-07,1.1073099999999999e-07,5.45657e-07,4.4171799999999985e-07,3.3795900000000007e-07,2.34643e-07,1.37841e-07
15,delay_spread,0.0,1.0587911840678754e-22,5.293955920339377e-23,2.6469779601696886e-23,0.0,2.117582368135751e-22,5.293955920339377e-23,5.293955920339377e-23,5.293955920339377e-23,0.0,0.0,1.5881867761018131e-22,5.293955920339377e-23,2.6469779601696886e-23,0.0,1.0587911840678754e-22,1.0587911840678754e-22,5.293955920339377e-23,0.0,0.0
15,kurtosis,19.999999999999996,21.999999999999996,18.0,19.0,12.999999999999995,14.000000000000002,12.0,13.0,14.0,8.0,18.0,19.000000000000007,19.999999999999996,14.000000000000005,9.000000000000002,11.0,16.0,16.0,17.0,14.000000000000002
15,delay,[5.45657e-07],[4.41718e-07],[3.37959e-07],[2.34643e-07],[1.37841e-07],[5.19193e-07],[4.15497e-07],[3.12167e-07],[2.09736e-07],[1.10731e-07],[5.19193e-07],[4.15497e-07],[3.12167e-07],[2.09736e-07],[1.10731e-07],[5.45657e-07],[4.41718e-07],[3.37959e-07],[2.34643e-07],[1.37841e-07]
15,bias,[6.14710793],[5.58603972],[4.67549808],[2.94986848],[0.15764015],[0.10765104],[0.08561217],[0.06457762],[0.04343921],[0.02291465],[0.10765104],[0.08561217],[0.06457762],[0.04343921],[0.02291465],[6.14710793],[5.58603972],[4.67549808],[2.94986848],[0.15764015]
15,b_est,[17.348886],[54.389256],[-0.0689302],[10.486009],[15.164483],[1.9832759],[-0.70398],[9.588752],[9.190894],[0.38924927],[10.51706],[41.65918],[0.2183928],[7.783912],[16.703354],[38.833347],[21.043756],[3.0194526],[29.419533],[2.632669]
15,label,LOS,LOS,LOS,LOS,LOS,NLOS,NLOS,NLOS,NLOS,NLOS,NLOS,NLOS,NLOS,NLOS,NLOS,LOS,LOS,LOS,LOS,LOS
18,pos,[[142.  142.    1.5]],[[142.  142.    1.5]],[[142.  142.    1.5]],[[142.  142.    1.5]],[[142.  142.    1.5]],[[142.  142.    1.5]],[[142.  142.    1.5]],[[142.  142.    1.5]],[[142.  142.    1.5]],[[142.  142.    1.5]],[[142.  142.    1.5]],[[142.  142.    1.5]],[[142.  142.    1.5]],[[142.  142.    1.5]],[[142.  142.    1.5]],[[142.  142.    1.5]],[[142.  142.    1.5]],[[142.  142.    1.5]],[[142.  142.    1.5]],[[142.  142.    1.5]]
18,distance,95.94920531197744,79.81423745172286,74.07766195014527,80.98032168372758,97.88385975225947,83.74514911324715,64.63213210161027,57.39773514695506,66.0667276319934,85.95493005057942,72.94689849472697,49.852908641322024,40.03123780249619,51.69925047812589,75.47350528496739,65.71339285107717,38.50081167975553,24.48468909339059,40.86333931533252,68.50729888121411
18,received_energy,-75.72533979233982,-72.25921262676853,-72.52160947969611,-74.06777703380294,-77.20134096209124,-71.32096046051251,-73.09949480828136,-70.69011692517043,-73.92063123866183,-71.81143983681436,-69.51625094340437,-70.16971968431174,-69.00182746881073,-70.2770740776038,-71.25647774833796,-72.11868223043099,-68.39227469495009,-66.00540074019753,-68.82007379408107,-71.89151000935878
18,Max_amplitude,2.252527017128973e-09,5.726773526755268e-09,1.0955444641252398e-08,4.788615960170396e-09,2.097393939077021e-09,1.236716083057627e-08,7.67184833509215e-09,1.9203040978014803e-08,8.179937938442631e-09,1.2321966072682372e-08,6.739846547808845e-09,1.6800028120794754e-08,4.242872767985513e-08,1.9343275112373275e-08,6.744969787179668e-09,1.4259359181498098e-08,4.6228522010985345e-08,1.251324675358834e-07,4.0551788083239585e-08,1.3011279573898223e-08
18,mean_excess_delay,4.333360000000001e-07,3.9195900000000005e-07,2.47096e-07,2.8622600000000004e-07,3.86094e-07,2.7938399999999996e-07,2.2942700000000003e-07,1.91458e-07,2.3121099999999994e-07,2.8671499999999993e-07,3.56229e-07,1.7190400000000005e-07,1.3353e-07,1.75422e-07,3.4709099999999994e-07,2.1919600000000008e-07,1.2842500000000001e-07,8.1672e-08,1.36305e-07,2.2851500000000003e-07
18,delay_spread,1.0587911840678754e-22,5.293955920339377e-23,0.0,5.293955920339377e-23,0.0,5.293955920339377e-23,5.293955920339377e-23,0.0,5.293955920339377e-23,5.293955920339377e-23,0.0,5.293955920339377e-23,0.0,0.0,0.0,7.940933880509067e-23,0.0,1.3234889800848443e-23,0.0,5.293955920339377e-23
18,kurtosis,19.0,0.0,9.999999999999998,21.0,12.000000000000004,14.0,16.0,9.0,15.0,12.000000000000004,24.0,12.0,4.0,19.0,19.000000000000004,11.0,13.0,3.0,17.0,13.0
18,delay,[4.33336e-07],[3.91959e-07],[2.47096e-07],[2.86226e-07],[3.86094e-07],[2.79384e-07],[2.29427e-07],[1.91458e-07],[2.31211e-07],[2.86715e-07],[3.56229e-07],[1.71904e-07],[1.3353e-07],[1.75422e-07],[3.47091e-07],[2.19196e-07],[1.28425e-07],[8.1672e-08],[1.36305e-07],[2.28515e-07]
18,bias,[34.05159469],[37.77346255],[0.05113805],[4.88747832],[17.94434025],[0.07005089],[4.1959679],[0.03966485],[3.29657237],[0.05956995],[33.92180151],[1.71829136],[0.0277622],[0.92734952],[28.65379472],[0.04540715],[0.02668832],[0.01691091],[0.02816068],[0.04720112]
18,b_est,[13.294239],[54.389256],[19.40855],[5.281877],[54.389256],[18.682508],[0.28926224],[0.19164796],[54.389256],[0.28716987],[0.20387025],[5.1930175],[54.389256],[0.3350672],[1.5803828],[5.52984],[0.10369629],[54.389256],[54.389256],[8.643037]
18,label,LOS,LOS,NLOS,LOS,LOS,LOS,LOS,NLOS,LOS,NLOS,LOS,LOS,NLOS,LOS,LOS,NLOS,NLOS,NLOS,NLOS,NLOS
23,pos,[[189. 142.   3.]],[[189. 142.   3.]],[[189. 142.   3.]],[[189. 142.   3.]],[[189. 142.   3.]],[[189. 142.   3.]],[[189. 142.   3.]],[[189. 142.   3.]],[[189. 142.   3.]],[[189. 142.   3.]],[[189. 142.   3.]],[[189. 142.   3.]],[[189. 142.   3.]],[[189. 142.   3.]],[[189. 142.   3.]],[[189. 142.   3.]],[[189. 142.   3.]],[[189. 142.   3.]],[[189. 142.   3.]],[[189. 142.   3.]]
23,distance,135.19338001544307,124.2630777825819,120.65860930741744,125.01524906986347,136.57324042432325,120.35883847894179,107.9366133432025,103.76656494266349,108.8017118431507,121.90672663967317,105.36721501491819,90.91926363538147,85.92729484861025,91.94461648188,107.13192801401458,92.20222340052327,75.26827020730582,69.15562160808042,76.50367638224976,94.21385248465323
23,received_energy,-82.2255903372002,-75.69845898818505,-76.2672891211661,-75.89913256388785,-81.1012565051619,-74.62896923007538,-74.75517158807274,-75.96873083451746,-74.07928904756739,-78.14314568120909,-75.27692450027092,-74.77801694913742,-72.58854929211502,-75.35408505450994,-76.23810049622423,-71.7297131324547,-73.71732394675549,-72.19877682218402,-73.52577470728927,-73.2098504249208
23,Max_amplitude,1.2274109931601026e-09,3.201179364485213e-09,3.745501787522787e-09,3.3092532852203807e-09,2.0812775931337674e-09,5.8085804482860325e-09,4.4153995461763975e-09,5.219393118972439e-09,4.621255800218269e-09,2.6344502929141238e-09,3.856470456385942e-09,6.6348331926183404e-09,7.904056002150702e-09,7.034933697490869e-09,4.2084290391356665e-09,8.278278037064801e-09,1.0775563950124912e-08,1.2744418039986062e-08,1.1769012081414597e-08,7.547793480441206e-09
23,mean_excess_delay,7.021e-07,4.30123e-07,4.024740000000001e-07,4.3084599999999986e-07,5.822050000000002e-07,3.9414199999999985e-07,3.7383000000000006e-07,3.4612699999999996e-07,3.7472900000000005e-07,5.285899999999999e-07,4.6290000000000005e-07,3.1442600000000004e-07,2.866219999999999e-07,3.15632e-07,4.815620000000002e-07,3.0798599999999994e-07,2.58691e-07,2.30677e-07,2.60472e-07,3.14894e-07
23,delay_spread,1.0587911840678754e-22,5.293955920339377e-23,1.0587911840678754e-22,1.0587911840678754e-22,2.117582368135751e-22,1.0587911840678754e-22,1.0587911840678754e-22,5.293955920339377e-23,1.0587911840678754e-22,0.0,1.0587911840678754e-22,5.293955920339377e-23,5.293955920339377e-23,5.293955920339377e-23,2.117582368135751e-22,5.293955920339377e-23,5.293955920339377e-23,0.0,5.293955920339377e-23,0.0
23,kurtosis,12.000000000000002,22.999999999999996,12.000000000000004,15.000000000000002,9.0,14.000000000000002,19.0,10.0,19.0,12.000000000000004,14.0,16.0,12.999999999999996,15.0,10.0,14.000000000000002,13.0,9.0,18.0,12.999999999999996
23,delay,[7.021e-07],[4.30123e-07],[4.02474e-07],[4.30846e-07],[5.82205e-07],[3.94142e-07],[3.7383e-07],[3.46127e-07],[3.74729e-07],[5.2859e-07],[4.629e-07],[3.14426e-07],[2.86622e-07],[3.15632e-07],[4.81562e-07],[3.07986e-07],[2.58691e-07],[2.30677e-07],[2.60472e-07],[3.14894e-07]
23,bias,[75.43661998],[4.77382222],[0.08359069],[4.23855093],[38.08825958],[-2.11623848],[4.21238666],[0.07153506],[3.61698816],[36.67027336],[33.50278499],[3.40853636],[0.05930515],[2.74498352],[37.33667199],[0.1935766],[2.33902979],[0.04747839],[1.63792362],[0.25434752]
23,b_est,[20.137096],[26.979279],[-0.04845481],[53.994144],[54.389256],[43.154175],[4.5510154],[0.18612428],[54.389256],[3.4068198],[10.395982],[-0.23521666],[12.677761],[54.389256],[0.2148623],[18.338034],[0.2637419],[10.676916],[54.389256],[18.688911]
23,label,LOS,LOS,NLOS,LOS,LOS,LOS,LOS,NLOS,LOS,LOS,LOS,LOS,NLOS,LOS,LOS,LOS,LOS,NLOS,LOS,LOS
